,ds,trend,yhat_lower,yhat_upper,trend_lower,trend_upper,additive_terms,additive_terms_lower,additive_terms_upper,weekly,weekly_lower,weekly_upper,multiplicative_terms,multiplicative_terms_lower,multiplicative_terms_upper,yhat
0,2023-09-25,170.14572042077637,163.36987328040425,174.92043974756368,170.14572042077637,170.14572042077637,-0.8164784817735619,-0.8164784817735619,-0.8164784817735619,-0.8164784817735619,-0.8164784817735619,-0.8164784817735619,0.0,0.0,0.0,169.3292419390028
1,2023-09-26,170.43984297982652,163.6365964006732,175.0243944510167,170.43984297982652,170.43984297982652,-0.9413880343400737,-0.9413880343400737,-0.9413880343400737,-0.9413880343400737,-0.9413880343400737,-0.9413880343400737,0.0,0.0,0.0,169.49845494548646
2,2023-09-27,170.73396553887673,163.66180090551887,175.8852233166805,170.73396553887673,170.73396553887673,-0.9670618611337597,-0.9670618611337597,-0.9670618611337597,-0.9670618611337597,-0.9670618611337597,-0.9670618611337597,0.0,0.0,0.0,169.76690367774296
3,2023-09-28,171.02808809792688,164.01744585050778,175.56281451275902,171.02808809792688,171.02808809792688,-0.9233588977209841,-0.9233588977209841,-0.9233588977209841,-0.9233588977209841,-0.9233588977209841,-0.9233588977209841,0.0,0.0,0.0,170.1047292002059
4,2023-09-29,171.32221065697706,164.99037895821675,176.54210392827994,171.32221065697706,171.32221065697706,-0.5093569928249405,-0.5093569928249405,-0.5093569928249405,-0.5093569928249405,-0.5093569928249405,-0.5093569928249405,0.0,0.0,0.0,170.81285366415213
5,2023-10-02,172.20457833412758,165.61174629729175,177.37155728662324,172.20457833412758,172.20457833412758,-0.8164784817754079,-0.8164784817754079,-0.8164784817754079,-0.8164784817754079,-0.8164784817754079,-0.8164784817754079,0.0,0.0,0.0,171.38809985235216
6,2023-10-03,172.49870089317773,165.41428966899323,177.72948116528485,172.49870089317773,172.49870089317773,-0.9413880343400476,-0.9413880343400476,-0.9413880343400476,-0.9413880343400476,-0.9413880343400476,-0.9413880343400476,0.0,0.0,0.0,171.5573128588377
7,2023-10-04,172.79282345222794,165.79754746630152,178.0902456469382,172.79282345222794,172.79282345222794,-0.9670618611341171,-0.9670618611341171,-0.9670618611341171,-0.9670618611341171,-0.9670618611341171,-0.9670618611341171,0.0,0.0,0.0,171.82576159109382
8,2023-10-05,173.08694601127812,166.63336505463732,178.24790195440306,173.08694601127812,173.08694601127812,-0.9233588977216168,-0.9233588977216168,-0.9233588977216168,-0.9233588977216168,-0.9233588977216168,-0.9233588977216168,0.0,0.0,0.0,172.1635871135565
9,2023-10-06,173.38106857342376,166.6348398379452,178.70082272898946,173.38106857342376,173.38106857342376,-0.5093569928248941,-0.5093569928248941,-0.5093569928248941,-0.5093569928248941,-0.5093569928248941,-0.5093569928248941,0.0,0.0,0.0,172.87171158059886
10,2023-10-09,174.26343625986073,167.23557580718415,179.18251618270483,174.26343625986073,174.26343625986073,-0.8164784817688255,-0.8164784817688255,-0.8164784817688255,-0.8164784817688255,-0.8164784817688255,-0.8164784817688255,0.0,0.0,0.0,173.4469577780919
11,2023-10-10,174.5575588220064,167.72028746847363,179.61994454212615,174.5575588220064,174.5575588220064,-0.9413880343390177,-0.9413880343390177,-0.9413880343390177,-0.9413880343390177,-0.9413880343390177,-0.9413880343390177,0.0,0.0,0.0,173.6161707876674
12,2023-10-11,174.85168138415207,168.2812303579443,179.9585954640701,174.85168138415207,174.85168138415207,-0.9670618611335088,-0.9670618611335088,-0.9670618611335088,-0.9670618611335088,-0.9670618611335088,-0.9670618611335088,0.0,0.0,0.0,173.88461952301856
13,2023-10-12,175.14580394629772,168.29405962325453,180.48134246625335,175.14580394629772,175.14580394629772,-0.9233588977208773,-0.9233588977208773,-0.9233588977208773,-0.9233588977208773,-0.9233588977208773,-0.9233588977208773,0.0,0.0,0.0,174.22244504857684
14,2023-10-13,175.43992650844336,169.01438791087915,180.54822763346468,175.43992650844336,175.43992650844336,-0.5093569928315753,-0.5093569928315753,-0.5093569928315753,-0.5093569928315753,-0.5093569928315753,-0.5093569928315753,0.0,0.0,0.0,174.93056951561178
15,2023-10-16,176.32229419488033,169.99251100457303,181.28258722906128,176.32229419488033,176.32229419488033,-0.8164784817706718,-0.8164784817706718,-0.8164784817706718,-0.8164784817706718,-0.8164784817706718,-0.8164784817706718,0.0,0.0,0.0,175.50581571310966
16,2023-10-17,176.616416757026,170.270877492164,181.5953377978756,176.616416757026,176.616416757026,-0.941388034338992,-0.941388034338992,-0.941388034338992,-0.941388034338992,-0.941388034338992,-0.941388034338992,0.0,0.0,0.0,175.67502872268702
17,2023-10-18,176.91053933577305,169.9141208761322,181.76535055742397,176.91053933577305,176.91053933577305,-0.967061861133866,-0.967061861133866,-0.967061861133866,-0.967061861133866,-0.967061861133866,-0.967061861133866,0.0,0.0,0.0,175.9434774746392
18,2023-10-19,177.20466191452013,170.25402278542776,181.98035849623602,177.20466191452013,177.20466191452013,-0.9233588977211181,-0.9233588977211181,-0.9233588977211181,-0.9233588977211181,-0.9233588977211181,-0.9233588977211181,0.0,0.0,0.0,176.281303016799
19,2023-10-20,177.49878449326718,171.26662410875107,182.8203129203624,177.49878449326718,177.49878449326718,-0.5093569928315294,-0.5093569928315294,-0.5093569928315294,-0.5093569928315294,-0.5093569928315294,-0.5093569928315294,0.0,0.0,0.0,176.98942750043565
20,2023-10-23,178.38115222950833,171.79367499698841,183.82650302522237,178.38115222950833,178.38115222950833,-0.8164784817725181,-0.8164784817725181,-0.8164784817725181,-0.8164784817725181,-0.8164784817725181,-0.8164784817725181,0.0,0.0,0.0,177.5646737477358
21,2023-10-24,178.67527480825538,172.16984822569972,183.90171065677893,178.67527480825538,178.67527480825538,-0.9413880343407415,-0.9413880343407415,-0.9413880343407415,-0.9413880343407415,-0.9413880343407415,-0.9413880343407415,0.0,0.0,0.0,177.73388677391463
22,2023-10-25,178.96939738700243,172.2126806504624,183.8945791495746,178.96939738700243,178.96939738700243,-0.9670618611342235,-0.9670618611342235,-0.9670618611342235,-0.9670618611342235,-0.9670618611342235,-0.9670618611342235,0.0,0.0,0.0,178.0023355258682
23,2023-10-26,179.2635199657495,172.35599747702446,184.34494160815902,179.2635199657495,179.2635199657495,-0.9233588977203786,-0.9233588977203786,-0.9233588977203786,-0.9233588977203786,-0.9233588977203786,-0.9233588977203786,0.0,0.0,0.0,178.34016106802912
24,2023-10-27,179.55764254449653,173.58324430784273,185.17650567130195,179.55764254449653,179.55764254449653,-0.5093569928294938,-0.5093569928294938,-0.5093569928294938,-0.5093569928294938,-0.5093569928294938,-0.5093569928294938,0.0,0.0,0.0,179.04828555166705
25,2023-10-30,180.46179893641,173.78644056602218,185.51213094812564,180.46179893641,180.46179893641,-0.8164784817743642,-0.8164784817743642,-0.8164784817743642,-0.8164784817743642,-0.8164784817743642,-0.8164784817743642,0.0,0.0,0.0,179.64532045463562
26,2023-10-31,180.76318440038114,174.02010945379948,185.72512412227414,180.76318440038114,180.76318440038114,-0.9413880343407157,-0.9413880343407157,-0.9413880343407157,-0.9413880343407157,-0.9413880343407157,-0.9413880343407157,0.0,0.0,0.0,179.82179636604042
27,2023-11-01,181.06456986435228,174.41289824688866,186.01583699761855,181.06456986435228,181.06456986435228,-0.9670618611336155,-0.9670618611336155,-0.9670618611336155,-0.9670618611336155,-0.9670618611336155,-0.9670618611336155,0.0,0.0,0.0,180.09750800321865
28,2023-11-02,181.36595532832342,174.29152525696077,186.8431965654301,181.36595532832342,181.36595532832342,-0.9233588977223833,-0.9233588977223833,-0.9233588977223833,-0.9233588977223833,-0.9233588977223833,-0.9233588977223833,0.0,0.0,0.0,180.44259643060104
29,2023-11-03,181.66734079229457,175.44781552776388,186.26591376619857,181.66734079229457,181.66734079229457,-0.509356992827458,-0.509356992827458,-0.509356992827458,-0.509356992827458,-0.509356992827458,-0.509356992827458,0.0,0.0,0.0,181.1579837994671
30,2023-11-06,182.57149718420803,176.09445251399126,187.33967959723884,182.57149718420803,182.57149718420803,-0.8164784817748231,-0.8164784817748231,-0.8164784817748231,-0.8164784817748231,-0.8164784817748231,-0.8164784817748231,0.0,0.0,0.0,181.7550187024332
31,2023-11-07,182.87288264817917,176.08222903243689,187.99698526250606,182.87288264817917,182.87288264817917,-0.9413880343401878,-0.9413880343401878,-0.9413880343401878,-0.9413880343401878,-0.9413880343401878,-0.9413880343401878,0.0,0.0,0.0,181.931494613839
32,2023-11-08,183.17426811215032,176.36178142996926,188.28985128612544,183.17426811215032,183.17426811215032,-0.9670618611339729,-0.9670618611339729,-0.9670618611339729,-0.9670618611339729,-0.9670618611339729,-0.9670618611339729,0.0,0.0,0.0,182.20720625101634
33,2023-11-09,183.4756536086956,176.50942939598787,188.12571282184078,183.4756536086956,183.4756536086956,-0.9233588977198798,-0.9233588977198798,-0.9233588977198798,-0.9233588977198798,-0.9233588977198798,-0.9233588977198798,0.0,0.0,0.0,182.55229471097573
34,2023-11-10,183.7770391052409,177.62869435608079,189.26806118407856,183.7770391052409,183.7770391052409,-0.5093569928254225,-0.5093569928254225,-0.5093569928254225,-0.5093569928254225,-0.5093569928254225,-0.5093569928254225,0.0,0.0,0.0,183.26768211241549
35,2023-11-13,184.6811955948768,177.82528845551482,189.9897212720783,184.6811955948768,184.6811955948768,-0.8164784817780565,-0.8164784817780565,-0.8164784817780565,-0.8164784817780565,-0.8164784817780565,-0.8164784817780565,0.0,0.0,0.0,183.86471711309875
36,2023-11-14,184.9825810914221,178.55245677941278,190.1866019316723,184.9825810914221,184.9825810914221,-0.9413880343396599,-0.9413880343396599,-0.9413880343396599,-0.9413880343396599,-0.9413880343396599,-0.9413880343396599,0.0,0.0,0.0,184.04119305708244
37,2023-11-15,185.2839665879674,178.86746630112432,190.06235599649554,185.2839665879674,185.2839665879674,-0.9670618611339328,-0.9670618611339328,-0.9670618611339328,-0.9670618611339328,-0.9670618611339328,-0.9670618611339328,0.0,0.0,0.0,184.31690472683346
38,2023-11-16,185.5853520845127,179.02573225516488,190.5768427036811,185.5853520845127,185.5853520845127,-0.9233588977205125,-0.9233588977205125,-0.9233588977205125,-0.9233588977205125,-0.9233588977205125,-0.9233588977205125,0.0,0.0,0.0,184.6619931867922
39,2023-11-17,185.886737581058,179.33162273893745,190.79678062254547,185.886737581058,185.886737581058,-0.5093569928253762,-0.5093569928253762,-0.5093569928253762,-0.5093569928253762,-0.5093569928253762,-0.5093569928253762,0.0,0.0,0.0,185.3773805882326
40,2023-11-20,186.79089407069387,179.86955329020384,192.4308887946043,186.79089407069387,186.79089407069387,-0.816478481770087,-0.816478481770087,-0.816478481770087,-0.816478481770087,-0.816478481770087,-0.816478481770087,0.0,0.0,0.0,185.9744155889238
41,2023-11-21,187.09227953953257,180.00678975663496,191.96237052130445,187.09227953953257,187.09227953953257,-0.9413880343391325,-0.9413880343391325,-0.9413880343391325,-0.9413880343391325,-0.9413880343391325,-0.9413880343391325,0.0,0.0,0.0,186.15089150519344
42,2023-11-22,187.39366500837122,180.55215800702564,191.95669652763868,187.39366500837122,187.39366500837122,-0.9670618611338074,-0.9670618611338074,-0.9670618611338074,-0.9670618611338074,-0.9670618611338074,-0.9670618611338074,0.0,0.0,0.0,186.42660314723742
43,2023-11-24,187.99643594604856,181.5522321507288,193.11863881175796,187.99643594604856,187.99643594604856,-0.509356992821351,-0.509356992821351,-0.509356992821351,-0.509356992821351,-0.509356992821351,-0.509356992821351,0.0,0.0,0.0,187.4870789532272
44,2023-11-27,188.9005923525646,182.1075454077255,194.3005767563241,188.9005923525646,188.9005923525646,-0.816478481771933,-0.816478481771933,-0.816478481771933,-0.816478481771933,-0.816478481771933,-0.816478481771933,0.0,0.0,0.0,188.08411387079266
45,2023-11-28,189.2019778214033,182.05609151586293,194.34974370897487,189.2019778214033,189.2019778214033,-0.9413880343391063,-0.9413880343391063,-0.9413880343391063,-0.9413880343391063,-0.9413880343391063,-0.9413880343391063,0.0,0.0,0.0,188.2605897870642
46,2023-11-29,189.50336329024194,182.51612919038737,194.53570073445596,189.50336329024194,189.50336329024194,-0.9670618611336822,-0.9670618611336822,-0.9670618611336822,-0.9670618611336822,-0.9670618611336822,-0.9670618611336822,0.0,0.0,0.0,188.53630142910825
47,2023-11-30,189.8047487590806,182.9541270977996,194.50920254060406,189.8047487590806,189.8047487590806,-0.9233588977190336,-0.9233588977190336,-0.9233588977190336,-0.9233588977190336,-0.9233588977190336,-0.9233588977190336,0.0,0.0,0.0,188.88138986136158
48,2023-12-01,190.1061342279193,183.77440977203838,195.24215636182123,190.1061342279193,190.1061342279193,-0.5093569928300217,-0.5093569928300217,-0.5093569928300217,-0.5093569928300217,-0.5093569928300217,-0.5093569928300217,0.0,0.0,0.0,189.5967772350893
49,2023-12-04,190.92709769094617,184.57201369278096,196.0102603485105,190.92709769094617,190.92709769094617,-0.8164784817723922,-0.8164784817723922,-0.8164784817723922,-0.8164784817723922,-0.8164784817723922,-0.8164784817723922,0.0,0.0,0.0,190.1106192091738
50,2023-12-05,191.20075217862183,183.79415189143424,196.1532741609522,191.20075217862183,191.20075217862183,-0.9413880343380767,-0.9413880343380767,-0.9413880343380767,-0.9413880343380767,-0.9413880343380767,-0.9413880343380767,0.0,0.0,0.0,190.25936414428375
51,2023-12-06,191.47440666629745,184.51325887541094,196.41178558009977,191.47440666629745,191.47440666629745,-0.9670618611336421,-0.9670618611336421,-0.9670618611336421,-0.9670618611336421,-0.9670618611336421,-0.9670618611336421,0.0,0.0,0.0,190.50734480516383
52,2023-12-07,191.74806115397308,185.26729486242942,196.89827651980335,191.74806115397308,191.74806115397308,-0.9233588977210384,-0.9233588977210384,-0.9233588977210384,-0.9233588977210384,-0.9233588977210384,-0.9233588977210384,0.0,0.0,0.0,190.82470225625204
53,2023-12-08,192.0217156416487,185.52187585413324,197.02790436017156,192.0217156416487,192.0217156416487,-0.5093569928279862,-0.5093569928279862,-0.5093569928279862,-0.5093569928279862,-0.5093569928279862,-0.5093569928279862,0.0,0.0,0.0,191.51235864882074
54,2023-12-11,192.8426791046756,186.4565382575924,198.25762605128077,192.8426791046756,192.8426791046756,-0.8164784817728509,-0.8164784817728509,-0.8164784817728509,-0.8164784817728509,-0.8164784817728509,-0.8164784817728509,0.0,0.0,0.0,192.02620062290273
55,2023-12-12,193.11633359235122,186.09619539441374,198.07830208905122,193.11633359235122,193.11633359235122,-0.9413880343403281,-0.9413880343403281,-0.9413880343403281,-0.9413880343403281,-0.9413880343403281,-0.9413880343403281,0.0,0.0,0.0,192.1749455580109
56,2023-12-13,193.38998808002688,186.46277474780467,197.8879897819688,193.38998808002688,193.38998808002688,-0.9670618611335166,-0.9670618611335166,-0.9670618611335166,-0.9670618611335166,-0.9670618611335166,-0.9670618611335166,0.0,0.0,0.0,192.42292621889337
57,2023-12-14,193.25546241263532,186.41250599424856,198.1095806240865,193.25546241263532,193.25546241263532,-0.9233588977202989,-0.9233588977202989,-0.9233588977202989,-0.9233588977202989,-0.9233588977202989,-0.9233588977202989,0.0,0.0,0.0,192.33210351491502
58,2023-12-15,193.12093674524377,186.25626721453457,198.74247356524285,193.12093674524377,193.12093674524377,-0.5093569928279399,-0.5093569928279399,-0.5093569928279399,-0.5093569928279399,-0.5093569928279399,-0.5093569928279399,0.0,0.0,0.0,192.61157975241582
59,2023-12-18,192.71735974306907,186.01179670962938,197.9119330695174,192.71735974306907,192.71735974306907,-0.8164784817760846,-0.8164784817760846,-0.8164784817760846,-0.8164784817760846,-0.8164784817760846,-0.8164784817760846,0.0,0.0,0.0,191.900881261293
60,2023-12-19,192.5828340756775,185.56277011943945,197.97062162826472,192.5828340756775,192.5828340756775,-0.9413880343392985,-0.9413880343392985,-0.9413880343392985,-0.9413880343392985,-0.9413880343392985,-0.9413880343392985,0.0,0.0,0.0,191.6414460413382
61,2023-12-20,192.44830840828595,185.77787269621123,197.8703498637506,192.44830840828595,192.44830840828595,-0.967061861133874,-0.967061861133874,-0.967061861133874,-0.967061861133874,-0.967061861133874,-0.967061861133874,0.0,0.0,0.0,191.48124654715207
62,2023-12-21,192.3137827408944,185.42328755793662,197.27925419820406,192.3137827408944,192.3137827408944,-0.9233588977209316,-0.9233588977209316,-0.9233588977209316,-0.9233588977209316,-0.9233588977209316,-0.9233588977209316,0.0,0.0,0.0,191.39042384317347
63,2023-12-22,192.17925707350284,185.81308643596628,197.80818726274615,192.17925707350284,192.17925707350284,-0.5093569928278937,-0.5093569928278937,-0.5093569928278937,-0.5093569928278937,-0.5093569928278937,-0.5093569928278937,0.0,0.0,0.0,191.66990008067495
64,2023-12-26,191.64115440393658,184.96130936931775,196.8332727651908,191.64115440393658,191.64115440393658,-0.9413880343392729,-0.9413880343392729,-0.9413880343392729,-0.9413880343392729,-0.9413880343392729,-0.9413880343392729,0.0,0.0,0.0,190.6997663695973
65,2023-12-27,191.50643612259165,184.18303887137,196.27111729716168,191.50643612259165,191.50643612259165,-0.9670618611337485,-0.9670618611337485,-0.9670618611337485,-0.9670618611337485,-0.9670618611337485,-0.9670618611337485,0.0,0.0,0.0,190.5393742614579
66,2023-12-28,191.37171784124675,184.73502271776564,196.2873340353856,191.37171784124675,191.37171784124675,-0.9233588977198003,-0.9233588977198003,-0.9233588977198003,-0.9233588977198003,-0.9233588977198003,-0.9233588977198003,0.0,0.0,0.0,190.44835894352696
67,2023-12-29,191.23699955990182,184.53476709968476,196.72011526955208,191.23699955990182,191.23699955990182,-0.5093569928238688,-0.5093569928238688,-0.5093569928238688,-0.5093569928238688,-0.5093569928238688,-0.5093569928238688,0.0,0.0,0.0,190.72764256707794
68,2024-01-02,190.69812643452207,183.62184844389657,195.83325658492262,190.69812643452207,190.69812643452207,-0.9413880343410225,-0.9413880343410225,-0.9413880343410225,-0.9413880343410225,-0.9413880343410225,-0.9413880343410225,0.0,0.0,0.0,189.75673840018104
69,2024-01-03,190.5634081531771,183.66379267447135,195.4237989182272,190.5634081531771,190.5634081531771,-0.9670618611341057,-0.9670618611341057,-0.9670618611341057,-0.9670618611341057,-0.9670618611341057,-0.9670618611341057,0.0,0.0,0.0,189.596346292043
70,2024-01-04,190.42868987183218,183.7592207576349,195.13491588015208,190.42868987183218,190.42868987183218,-0.9233588977204328,-0.9233588977204328,-0.9233588977204328,-0.9233588977204328,-0.9233588977204328,-0.9233588977204328,0.0,0.0,0.0,189.50533097411176
71,2024-01-05,190.29397159048725,183.7671790222497,195.4537340813507,190.29397159048725,190.29397159048725,-0.5093569928285608,-0.5093569928285608,-0.5093569928285608,-0.5093569928285608,-0.5093569928285608,-0.5093569928285608,0.0,0.0,0.0,189.78461459765867
72,2024-01-08,189.88981674645242,183.11344632719144,194.77300230064137,189.88981674645242,189.88981674645242,-0.8164784817718073,-0.8164784817718073,-0.8164784817718073,-0.8164784817718073,-0.8164784817718073,-0.8164784817718073,0.0,0.0,0.0,189.07333826468061
73,2024-01-09,189.75509846187168,182.96666876881253,194.52457861663737,189.75509846187168,189.75509846187168,-0.9413880343404948,-0.9413880343404948,-0.9413880343404948,-0.9413880343404948,-0.9413880343404948,-0.9413880343404948,0.0,0.0,0.0,188.8137104275312
74,2024-01-10,189.62038017729094,182.8421992683776,193.98982436509567,189.62038017729094,189.62038017729094,-0.9670618611334975,-0.9670618611334975,-0.9670618611334975,-0.9670618611334975,-0.9670618611334975,-0.9670618611334975,0.0,0.0,0.0,188.65331831615745
75,2024-01-11,189.4856618927102,182.71982645190897,194.95237878417018,189.4856618927102,189.4856618927102,-0.9233588977196935,-0.9233588977196935,-0.9233588977196935,-0.9233588977196935,-0.9233588977196935,-0.9233588977196935,0.0,0.0,0.0,188.56230299499052
76,2024-01-12,189.35094360812946,182.88857301026624,194.5629866111929,189.35094360812946,189.35094360812946,-0.5093569928285147,-0.5093569928285147,-0.5093569928285147,-0.5093569928285147,-0.5093569928285147,-0.5093569928285147,0.0,0.0,0.0,188.84158661530094
77,2024-01-16,188.81207046980646,181.61048048495567,194.1609472480865,188.81207046980646,188.81207046980646,-0.9413880343399669,-0.9413880343399669,-0.9413880343399669,-0.9413880343399669,-0.9413880343399669,-0.9413880343399669,0.0,0.0,0.0,187.87068243546648
78,2024-01-17,188.67735218522574,181.72382417424373,194.0064766459303,188.67735218522574,188.67735218522574,-0.9670618611338551,-0.9670618611338551,-0.9670618611338551,-0.9670618611338551,-0.9670618611338551,-0.9670618611338551,0.0,0.0,0.0,187.7102903240919
79,2024-01-18,188.542633900645,180.90160543001886,193.26757213149583,188.542633900645,188.542633900645,-0.923358897720326,-0.923358897720326,-0.923358897720326,-0.923358897720326,-0.923358897720326,-0.923358897720326,0.0,0.0,0.0,187.61927500292467
80,2024-01-19,188.40791561606426,181.80748789662894,193.65537937206932,188.40791561606426,188.40791561606426,-0.5093569928284682,-0.5093569928284682,-0.5093569928284682,-0.5093569928284682,-0.5093569928284682,-0.5093569928284682,0.0,0.0,0.0,187.8985586232358
81,2024-01-22,188.00356595108715,180.85331341097512,193.25074404709915,188.00356595108715,188.00356595108715,-0.8164784817754996,-0.8164784817754996,-0.8164784817754996,-0.8164784817754996,-0.8164784817754996,-0.8164784817754996,0.0,0.0,0.0,187.18708746931165
82,2024-01-23,187.86878272942812,181.1454736148142,192.96207696718585,187.86878272942812,187.86878272942812,-0.941388034339941,-0.941388034339941,-0.941388034339941,-0.941388034339941,-0.941388034339941,-0.941388034339941,0.0,0.0,0.0,186.92739469508817
83,2024-01-24,187.73399950776908,180.72460711087336,192.5810479404007,187.73399950776908,187.73399950776908,-0.9670618611338152,-0.9670618611338152,-0.9670618611338152,-0.9670618611338152,-0.9670618611338152,-0.9670618611338152,0.0,0.0,0.0,186.76693764663526
84,2024-01-25,187.59921628611005,181.10970961449596,192.45977826671555,187.59921628611005,187.59921628611005,-0.9233588977195867,-0.9233588977195867,-0.9233588977195867,-0.9233588977195867,-0.9233588977195867,-0.9233588977195867,0.0,0.0,0.0,186.67585738839045
85,2024-01-26,187.46443306445101,181.26807003528975,193.30077048708407,187.46443306445101,187.46443306445101,-0.5093569928264327,-0.5093569928264327,-0.5093569928264327,-0.5093569928264327,-0.5093569928264327,-0.5093569928264327,0.0,0.0,0.0,186.95507607162457
86,2024-01-29,187.0600833994739,179.85743374222193,191.9068851783182,187.0600833994739,187.0600833994739,-0.8164784817689174,-0.8164784817689174,-0.8164784817689174,-0.8164784817689174,-0.8164784817689174,-0.8164784817689174,0.0,0.0,0.0,186.243604917705
87,2024-01-30,186.92530017781488,179.9386089303297,191.70539525803147,186.92530017781488,186.92530017781488,-0.9413880343399151,-0.9413880343399151,-0.9413880343399151,-0.9413880343399151,-0.9413880343399151,-0.9413880343399151,0.0,0.0,0.0,185.98391214347495
88,2024-01-31,186.79051695615584,180.08177121288605,191.3837345793483,186.79051695615584,186.79051695615584,-0.9670618611336895,-0.9670618611336895,-0.9670618611336895,-0.9670618611336895,-0.9670618611336895,-0.9670618611336895,0.0,0.0,0.0,185.82345509502215
89,2024-02-01,186.53256676356514,179.68012579646694,191.28117458456322,186.53256676356514,186.53256676356514,-0.9233588977211993,-0.9233588977211993,-0.9233588977211993,-0.9233588977211993,-0.9233588977211993,-0.9233588977211993,0.0,0.0,0.0,185.60920786584396
90,2024-02-02,186.27461657097444,179.87000606220056,191.5874559627596,186.27461657097444,186.27461657097444,-0.5093569928243968,-0.5093569928243968,-0.5093569928243968,-0.5093569928243968,-0.5093569928243968,-0.5093569928243968,0.0,0.0,0.0,185.76525957815005
91,2024-02-05,185.50076599320232,178.3151250798138,190.5090094988533,185.50076599320232,185.50076599320232,-0.8164784817693764,-0.8164784817693764,-0.8164784817693764,-0.8164784817693764,-0.8164784817693764,-0.8164784817693764,0.0,0.0,0.0,184.68428751143296
92,2024-02-06,185.24281580061162,178.47503777327597,190.25563201870773,185.24281580061162,185.24281580061162,-0.9413880343393872,-0.9413880343393872,-0.9413880343393872,-0.9413880343393872,-0.9413880343393872,-0.9413880343393872,0.0,0.0,0.0,184.30142776627224
93,2024-02-07,184.98486560802093,178.03577008018246,189.5653773384459,184.98486560802093,184.98486560802093,-0.9670618611335642,-0.9670618611335642,-0.9670618611335642,-0.9670618611335642,-0.9670618611335642,-0.9670618611335642,0.0,0.0,0.0,184.01780374688735
94,2024-02-08,184.7269154154302,177.82547393549473,189.28498065112478,184.7269154154302,184.7269154154302,-0.92335889772046,-0.92335889772046,-0.92335889772046,-0.92335889772046,-0.92335889772046,-0.92335889772046,0.0,0.0,0.0,183.80355651770975
95,2024-02-09,184.4689652228395,177.97911499521544,189.84527339999232,184.4689652228395,184.4689652228395,-0.509356992831078,-0.509356992831078,-0.509356992831078,-0.509356992831078,-0.509356992831078,-0.509356992831078,0.0,0.0,0.0,183.95960823000843
96,2024-02-12,183.69511464506738,177.07707369960235,188.47623479971685,183.69511464506738,183.69511464506738,-0.8164784817726096,-0.8164784817726096,-0.8164784817726096,-0.8164784817726096,-0.8164784817726096,-0.8164784817726096,0.0,0.0,0.0,182.87863616329477
97,2024-02-13,183.4371642874705,177.12187214835103,188.59774010320345,183.4371642874705,183.4371642874705,-0.9413880343388595,-0.9413880343388595,-0.9413880343388595,-0.9413880343388595,-0.9413880343388595,-0.9413880343388595,0.0,0.0,0.0,182.49577625313162
98,2024-02-14,183.17921392987364,176.6135511206513,188.446085973775,183.17921392987364,183.17921392987364,-0.9670618611339218,-0.9670618611339218,-0.9670618611339218,-0.9670618611339218,-0.9670618611339218,-0.9670618611339218,0.0,0.0,0.0,182.21215206873973
99,2024-02-15,182.92126357227676,176.17546679624326,187.64448057348585,182.92126357227676,182.92126357227676,-0.9233588977210925,-0.9233588977210925,-0.9233588977210925,-0.9233588977210925,-0.9233588977210925,-0.9233588977210925,0.0,0.0,0.0,181.99790467455566
100,2024-02-16,182.66331321467985,176.25835096050403,188.14314601476673,182.66331321467985,182.66331321467985,-0.5093569928310319,-0.5093569928310319,-0.5093569928310319,-0.5093569928310319,-0.5093569928310319,-0.5093569928310319,0.0,0.0,0.0,182.1539562218488
101,2024-02-20,181.63151178429234,174.2927555494309,186.52502740296788,181.63151178429234,181.63151178429234,-0.9413880343406091,-0.9413880343406091,-0.9413880343406091,-0.9413880343406091,-0.9413880343406091,-0.9413880343406091,0.0,0.0,0.0,180.69012374995174
102,2024-02-21,181.37356142669546,175.22668754396875,186.5663565883722,181.37356142669546,181.37356142669546,-0.9670618611342793,-0.9670618611342793,-0.9670618611342793,-0.9670618611342793,-0.9670618611342793,-0.9670618611342793,0.0,0.0,0.0,180.40649956556118
103,2024-02-22,181.11561106909858,174.22735190439712,186.08267234985004,181.11561106909858,181.11561106909858,-0.9233588977203531,-0.9233588977203531,-0.9233588977203531,-0.9233588977203531,-0.9233588977203531,-0.9233588977203531,0.0,0.0,0.0,180.19225217137821
104,2024-02-23,180.85766071284735,174.5535862818639,186.31181366928865,180.85766071284735,180.85766071284735,-0.5093569928270071,-0.5093569928270071,-0.5093569928270071,-0.5093569928270071,-0.5093569928270071,-0.5093569928270071,0.0,0.0,0.0,180.34830372002034
105,2024-02-26,180.08380964409358,173.45967861045608,185.49181122983248,180.08380964409358,180.08380964409358,-0.8164784817749148,-0.8164784817749148,-0.8164784817749148,-0.8164784817749148,-0.8164784817749148,-0.8164784817749148,0.0,0.0,0.0,179.26733116231867
106,2024-02-27,179.82585928784232,173.18606378499388,184.36930093230308,179.82585928784232,179.82585928784232,-0.9413880343405835,-0.9413880343405835,-0.9413880343405835,-0.9413880343405835,-0.9413880343405835,-0.9413880343405835,0.0,0.0,0.0,178.88447125350174
107,2024-02-28,179.5679089315911,172.858297489029,184.3732871392801,179.5679089315911,179.5679089315911,-0.9670618611337563,-0.9670618611337563,-0.9670618611337563,-0.9670618611337563,-0.9670618611337563,-0.9670618611337563,0.0,0.0,0.0,178.60084707045735
108,2024-02-29,179.30995857533986,172.51472171895125,184.31534034116083,179.30995857533986,179.30995857533986,-0.9233588977209857,-0.9233588977209857,-0.9233588977209857,-0.9233588977209857,-0.9233588977209857,-0.9233588977209857,0.0,0.0,0.0,178.38659967761888
109,2024-03-01,179.0520082190886,172.32649411823616,184.45546528084836,179.0520082190886,179.0520082190886,-0.5093569928269608,-0.5093569928269608,-0.5093569928269608,-0.5093569928269608,-0.5093569928269608,-0.5093569928269608,0.0,0.0,0.0,178.54265122626165
110,2024-03-04,178.27815715033486,171.1887827049731,183.34808475497096,178.27815715033486,178.27815715033486,-0.816478481775374,-0.816478481775374,-0.816478481775374,-0.816478481775374,-0.816478481775374,-0.816478481775374,0.0,0.0,0.0,177.4616786685595
111,2024-03-05,178.0202067940836,170.89834160937477,183.39416063701637,178.0202067940836,178.0202067940836,-0.9413880343395536,-0.9413880343395536,-0.9413880343395536,-0.9413880343395536,-0.9413880343395536,-0.9413880343395536,0.0,0.0,0.0,177.07881875974405
112,2024-03-06,177.76225654093253,170.5904936114842,182.62651422076135,177.76225654093253,177.76225654093253,-0.967061861133148,-0.967061861133148,-0.967061861133148,-0.967061861133148,-0.967061861133148,-0.967061861133148,0.0,0.0,0.0,176.79519467979938
113,2024-03-07,177.50430628778147,170.6193470651349,182.69610908946976,177.50430628778147,177.50430628778147,-0.9233588977198544,-0.9233588977198544,-0.9233588977198544,-0.9233588977198544,-0.9233588977198544,-0.9233588977198544,0.0,0.0,0.0,176.58094739006162
114,2024-03-08,177.2463560346304,170.53215101245496,182.80950019495796,177.2463560346304,177.2463560346304,-0.5093569928249251,-0.5093569928249251,-0.5093569928249251,-0.5093569928249251,-0.5093569928249251,-0.5093569928249251,0.0,0.0,0.0,176.73699904180546
115,2024-03-11,176.4725052751772,169.77500460751125,181.43111845692857,176.4725052751772,176.4725052751772,-0.8164784817772202,-0.8164784817772202,-0.8164784817772202,-0.8164784817772202,-0.8164784817772202,-0.8164784817772202,0.0,0.0,0.0,175.6560267934
116,2024-03-12,176.21455502202616,169.493025207006,181.18830528371848,176.21455502202616,176.21455502202616,-0.9413880343395276,-0.9413880343395276,-0.9413880343395276,-0.9413880343395276,-0.9413880343395276,-0.9413880343395276,0.0,0.0,0.0,175.27316698768664
117,2024-03-13,175.9566047688751,169.57850665461382,180.86420434392147,175.9566047688751,175.9566047688751,-0.9670618611335056,-0.9670618611335056,-0.9670618611335056,-0.9670618611335056,-0.9670618611335056,-0.9670618611335056,0.0,0.0,0.0,174.9895429077416
118,2024-03-14,175.69865451572406,168.86266843891718,180.2955485867411,175.69865451572406,175.69865451572406,-0.9233588977204871,-0.9233588977204871,-0.9233588977204871,-0.9233588977204871,-0.9233588977204871,-0.9233588977204871,0.0,0.0,0.0,174.77529561800358
119,2024-03-15,175.44070426257298,169.03358170169895,180.97413402443826,175.44070426257298,175.44070426257298,-0.509356992824879,-0.509356992824879,-0.509356992824879,-0.509356992824879,-0.509356992824879,-0.509356992824879,0.0,0.0,0.0,174.9313472697481
120,2024-03-18,174.71242576563756,167.71834560921755,179.984178348054,174.71242576563756,174.71242576563756,-0.8164784817706378,-0.8164784817706378,-0.8164784817706378,-0.8164784817706378,-0.8164784817706378,-0.8164784817706378,0.0,0.0,0.0,173.89594728386692
121,2024-03-19,174.4696662666591,167.90468498855924,179.38826184322176,174.4696662666591,174.4696662666591,-0.9413880343390001,-0.9413880343390001,-0.9413880343390001,-0.9413880343390001,-0.9413880343390001,-0.9413880343390001,0.0,0.0,0.0,173.52827823232008
122,2024-03-20,174.22690676768062,167.0528545060165,178.9137225403202,174.22690676768062,174.22690676768062,-0.9670618611338628,-0.9670618611338628,-0.9670618611338628,-0.9670618611338628,-0.9670618611338628,-0.9670618611338628,0.0,0.0,0.0,173.25984490654676
123,2024-03-21,173.98414726870215,166.83915630982528,179.1039595440375,173.98414726870215,173.98414726870215,-0.9233588977197476,-0.9233588977197476,-0.9233588977197476,-0.9233588977197476,-0.9233588977197476,-0.9233588977197476,0.0,0.0,0.0,173.0607883709824
124,2024-03-22,173.74138776972367,167.05075492304795,179.18771967097845,173.74138776972367,173.74138776972367,-0.5093569928228434,-0.5093569928228434,-0.5093569928228434,-0.5093569928228434,-0.5093569928228434,-0.5093569928228434,0.0,0.0,0.0,173.23203077690084
125,2024-03-25,173.01310927278828,166.73335202814232,178.2870936757617,173.01310927278828,173.01310927278828,-0.8164784817724838,-0.8164784817724838,-0.8164784817724838,-0.8164784817724838,-0.8164784817724838,-0.8164784817724838,0.0,0.0,0.0,172.1966307910158
126,2024-03-26,172.77034977380978,165.75342385266296,177.9166570019694,172.77034977380978,172.77034977380978,-0.941388034338974,-0.941388034338974,-0.941388034338974,-0.941388034338974,-0.941388034338974,-0.941388034338974,0.0,0.0,0.0,171.8289617394708
127,2024-03-27,172.5275902748313,165.27381190092294,177.36999615149193,172.5275902748313,172.5275902748313,-0.9670618611337375,-0.9670618611337375,-0.9670618611337375,-0.9670618611337375,-0.9670618611337375,-0.9670618611337375,0.0,0.0,0.0,171.56052841369757
128,2024-03-28,172.31851039727457,165.64437161988448,176.90094105418765,172.31851039727457,172.31851039727457,-0.9233588977217523,-0.9233588977217523,-0.9233588977217523,-0.9233588977217523,-0.9233588977217523,-0.9233588977217523,0.0,0.0,0.0,171.3951514995528
129,2024-04-01,171.48219088704758,164.72200602707454,176.26175714306274,171.48219088704758,171.48219088704758,-0.8164784817729428,-0.8164784817729428,-0.8164784817729428,-0.8164784817729428,-0.8164784817729428,-0.8164784817729428,0.0,0.0,0.0,170.66571240527463
130,2024-04-02,171.27311100949086,164.45671173737753,176.39586199466422,171.27311100949086,171.27311100949086,-0.9413880343402221,-0.9413880343402221,-0.9413880343402221,-0.9413880343402221,-0.9413880343402221,-0.9413880343402221,0.0,0.0,0.0,170.33172297515063
131,2024-04-03,171.06403113193412,164.70178772879262,175.7869912158056,171.06403113193412,171.06403113193412,-0.9670618611341804,-0.9670618611341804,-0.9670618611341804,-0.9670618611341804,-0.9670618611341804,-0.9670618611341804,0.0,0.0,0.0,170.09696927079995
132,2024-04-04,170.85495125437737,163.92212390412823,175.90909810532816,170.85495125437737,170.85495125437737,-0.923358897721013,-0.923358897721013,-0.923358897721013,-0.923358897721013,-0.923358897721013,-0.923358897721013,0.0,0.0,0.0,169.93159235665635
133,2024-04-05,170.64587137682065,164.51019936072302,175.78153750430545,170.64587137682065,170.64587137682065,-0.5093569928274888,-0.5093569928274888,-0.5093569928274888,-0.5093569928274888,-0.5093569928274888,-0.5093569928274888,0.0,0.0,0.0,170.13651438399316
134,2024-04-08,170.0186317441504,163.4544080153388,174.68361357441296,170.0186317441504,170.0186317441504,-0.8164784817761762,-0.8164784817761762,-0.8164784817761762,-0.8164784817761762,-0.8164784817761762,-0.8164784817761762,0.0,0.0,0.0,169.20215326237422
135,2024-04-09,169.80955186659367,163.08288027887622,175.02007861329875,169.80955186659367,169.80955186659367,-0.9413880343396942,-0.9413880343396942,-0.9413880343396942,-0.9413880343396942,-0.9413880343396942,-0.9413880343396942,0.0,0.0,0.0,168.86816383225397
136,2024-04-10,169.861451037575,163.0444042017713,174.66878804113657,169.861451037575,169.861451037575,-0.9670618611335718,-0.9670618611335718,-0.9670618611335718,-0.9670618611335718,-0.9670618611335718,-0.9670618611335718,0.0,0.0,0.0,168.89438917644142
137,2024-04-11,169.91335020855627,162.81666787715773,174.7677746549148,169.91335020855627,169.91335020855627,-0.9233588977202732,-0.9233588977202732,-0.9233588977202732,-0.9233588977202732,-0.9233588977202732,-0.9233588977202732,0.0,0.0,0.0,168.989991310836
138,2024-04-12,169.9652493795376,163.50472655911167,174.93822669015026,169.9652493795376,169.9652493795376,-0.5093569928254532,-0.5093569928254532,-0.5093569928254532,-0.5093569928254532,-0.5093569928254532,-0.5093569928254532,0.0,0.0,0.0,169.45589238671215
139,2024-04-15,170.12094689248147,163.0304962019237,174.76494705521182,170.12094689248147,170.12094689248147,-0.8164784817766353,-0.8164784817766353,-0.8164784817766353,-0.8164784817766353,-0.8164784817766353,-0.8164784817766353,0.0,0.0,0.0,169.30446841070483
140,2024-04-16,170.17284606346277,163.1714208027378,175.10029667823176,170.17284606346277,170.17284606346277,-0.9413880343391663,-0.9413880343391663,-0.9413880343391663,-0.9413880343391663,-0.9413880343391663,-0.9413880343391663,0.0,0.0,0.0,169.23145802912362
141,2024-04-17,170.22474523444407,163.5035864747566,175.40715852560723,170.22474523444407,170.22474523444407,-0.9670618611339291,-0.9670618611339291,-0.9670618611339291,-0.9670618611339291,-0.9670618611339291,-0.9670618611339291,0.0,0.0,0.0,169.25768337331013
142,2024-04-18,170.27664440542537,163.5947419059933,175.14149945946295,170.27664440542537,170.27664440542537,-0.9233588977209062,-0.9233588977209062,-0.9233588977209062,-0.9233588977209062,-0.9233588977209062,-0.9233588977209062,0.0,0.0,0.0,169.35328550770447
143,2024-04-19,170.32854357640667,163.9509119916926,175.6087124299894,170.32854357640667,170.32854357640667,-0.5093569928321346,-0.5093569928321346,-0.5093569928321346,-0.5093569928321346,-0.5093569928321346,-0.5093569928321346,0.0,0.0,0.0,169.81918658357455
144,2024-04-22,171.8896919232504,164.95081045903598,177.22734108195135,171.8896919232504,171.8896919232504,-0.8164784817770943,-0.8164784817770943,-0.8164784817770943,-0.8164784817770943,-0.8164784817770943,-0.8164784817770943,0.0,0.0,0.0,171.0732134414733
145,2024-04-23,172.4100747055317,165.5734323773567,177.70443808707714,172.4100747055317,172.4100747055317,-0.9413880343391406,-0.9413880343391406,-0.9413880343391406,-0.9413880343391406,-0.9413880343391406,-0.9413880343391406,0.0,0.0,0.0,171.4686866711926
146,2024-04-24,172.93045748781293,166.1030823748647,177.60212884019464,172.93045748781293,172.93045748781293,-0.9670618611338038,-0.9670618611338038,-0.9670618611338038,-0.9670618611338038,-0.9670618611338038,-0.9670618611338038,0.0,0.0,0.0,171.96339562667913
147,2024-04-25,173.4508402700942,166.23954979116584,178.4248447294797,173.4508402700942,173.4508402700942,-0.9233588977184026,-0.9233588977184026,-0.9233588977184026,-0.9233588977184026,-0.9233588977184026,-0.9233588977184026,0.0,0.0,0.0,172.5274813723758
148,2024-04-26,173.97122305237545,167.78098742759005,179.42325693455248,173.97122305237545,173.97122305237545,-0.5093569928320885,-0.5093569928320885,-0.5093569928320885,-0.5093569928320885,-0.5093569928320885,-0.5093569928320885,0.0,0.0,0.0,173.46186605954335
149,2024-04-29,175.5323713992192,169.04033088013432,180.9711562755954,175.5323713992192,175.5323713992192,-0.8164784817718991,-0.8164784817718991,-0.8164784817718991,-0.8164784817718991,-0.8164784817718991,-0.8164784817718991,0.0,0.0,0.0,174.7158929174473
150,2024-04-30,176.05275418150046,169.06254452076146,181.07709482331975,176.05275418150046,176.05275418150046,-0.9413880343408902,-0.9413880343408902,-0.9413880343408902,-0.9413880343408902,-0.9413880343408902,-0.9413880343408902,0.0,0.0,0.0,175.11136614715957
151,2024-05-01,176.5731369637817,169.9722747733407,181.76623643762022,176.5731369637817,176.5731369637817,-0.9670618611336785,-0.9670618611336785,-0.9670618611336785,-0.9670618611336785,-0.9670618611336785,-0.9670618611336785,0.0,0.0,0.0,175.60607510264802
152,2024-05-02,177.240745982791,170.29017843986313,182.12037861393483,177.240745982791,177.240745982791,-0.9233588977204074,-0.9233588977204074,-0.9233588977204074,-0.9233588977204074,-0.9233588977204074,-0.9233588977204074,0.0,0.0,0.0,176.31738708507058
153,2024-05-03,177.9083550018003,171.38602426821606,183.27297779423435,177.9083550018003,177.9083550018003,-0.5093569928280632,-0.5093569928280632,-0.5093569928280632,-0.5093569928280632,-0.5093569928280632,-0.5093569928280632,0.0,0.0,0.0,177.39899800897223
154,2024-05-06,179.9111820588282,173.1651947057197,184.81934339619158,179.9111820588282,179.9111820588282,-0.8164784817723578,-0.8164784817723578,-0.8164784817723578,-0.8164784817723578,-0.8164784817723578,-0.8164784817723578,0.0,0.0,0.0,179.09470357705584
155,2024-05-07,180.57879107783748,173.79167816278823,185.42913291965377,180.57879107783748,180.57879107783748,-0.9413880343408644,-0.9413880343408644,-0.9413880343408644,-0.9413880343408644,-0.9413880343408644,-0.9413880343408644,0.0,0.0,0.0,179.63740304349662
156,2024-05-08,181.24640009684677,174.32468450510592,186.38820294054517,181.24640009684677,181.24640009684677,-0.967061861133553,-0.967061861133553,-0.967061861133553,-0.967061861133553,-0.967061861133553,-0.967061861133553,0.0,0.0,0.0,180.27933823571323
157,2024-05-09,181.91400911585606,175.33313126897616,186.84634884469287,181.91400911585606,181.91400911585606,-0.9233588977196678,-0.9233588977196678,-0.9233588977196678,-0.9233588977196678,-0.9233588977196678,-0.9233588977196678,0.0,0.0,0.0,180.99065021813638
158,2024-05-10,182.58161813486535,175.99868245503484,188.15577443610155,182.58161813486535,182.58161813486535,-0.5093569928280173,-0.5093569928280173,-0.5093569928280173,-0.5093569928280173,-0.5093569928280173,-0.5093569928280173,0.0,0.0,0.0,182.07226114203735
159,2024-05-13,184.58444519189325,177.87543468283283,189.37633402127307,184.58444519189325,184.58444519189325,-0.8164784817755915,-0.8164784817755915,-0.8164784817755915,-0.8164784817755915,-0.8164784817755915,-0.8164784817755915,0.0,0.0,0.0,183.76796671011766
160,2024-05-14,185.2520545053254,178.11990031291938,190.52697448542963,185.2520545053254,185.2520545053254,-0.9413880343398346,-0.9413880343398346,-0.9413880343398346,-0.9413880343398346,-0.9413880343398346,-0.9413880343398346,0.0,0.0,0.0,184.31066647098555
161,2024-05-15,185.9196638187575,178.49705628471514,190.9348445882839,185.9196638187575,185.9196638187575,-0.9670618611339106,-0.9670618611339106,-0.9670618611339106,-0.9670618611339106,-0.9670618611339106,-0.9670618611339106,0.0,0.0,0.0,184.95260195762359
162,2024-05-16,186.58727313218964,179.55791468840698,191.34905176569941,186.58727313218964,186.58727313218964,-0.9233588977199088,-0.9233588977199088,-0.9233588977199088,-0.9233588977199088,-0.9233588977199088,-0.9233588977199088,0.0,0.0,0.0,185.66391423446973
163,2024-05-17,187.25488244562177,181.01209708264244,192.59229262800008,187.25488244562177,187.25488244562177,-0.5093569928279711,-0.5093569928279711,-0.5093569928279711,-0.5093569928279711,-0.5093569928279711,-0.5093569928279711,0.0,0.0,0.0,186.7455254527938
164,2024-05-20,189.25771038591816,182.55483284313397,194.16732817228598,189.25771038591816,189.25771038591816,-0.8164784817760504,-0.8164784817760504,-0.8164784817760504,-0.8164784817760504,-0.8164784817760504,-0.8164784817760504,0.0,0.0,0.0,188.44123190414211
165,2024-05-21,189.92531969935027,183.1697125273968,194.939422649242,189.92531969935027,189.92531969935027,-0.9413880343398088,-0.9413880343398088,-0.9413880343398088,-0.9413880343398088,-0.9413880343398088,-0.9413880343398088,0.0,0.0,0.0,188.98393166501046
166,2024-05-22,190.59292901278238,183.83062918883587,195.4329753351883,190.59292901278238,190.59292901278238,-0.9670618611338705,-0.9670618611338705,-0.9670618611338705,-0.9670618611338705,-0.9670618611338705,-0.9670618611338705,0.0,0.0,0.0,189.62586715164852
167,2024-05-23,191.26053832621452,184.33398915033763,195.98686579230423,191.26053832621452,191.26053832621452,-0.9233588977191692,-0.9233588977191692,-0.9233588977191692,-0.9233588977191692,-0.9233588977191692,-0.9233588977191692,0.0,0.0,0.0,190.33717942849535
168,2024-05-24,191.92814765265697,185.68690258862424,196.88242504426168,191.92814765265697,191.92814765265697,-0.509356992823946,-0.509356992823946,-0.509356992823946,-0.509356992823946,-0.509356992823946,-0.509356992823946,0.0,0.0,0.0,191.41879065983304
169,2024-05-28,194.59858495842693,187.81730368560716,199.0347155471079,194.59858495842693,194.59858495842693,-0.9413880343397829,-0.9413880343397829,-0.9413880343397829,-0.9413880343397829,-0.9413880343397829,-0.9413880343397829,0.0,0.0,0.0,193.65719692408715
170,2024-05-29,195.26619428486939,188.23803897290887,200.31866519076567,195.26619428486939,195.26619428486939,-0.9670618611342282,-0.9670618611342282,-0.9670618611342282,-0.9670618611342282,-0.9670618611342282,-0.9670618611342282,0.0,0.0,0.0,194.29913242373516
171,2024-05-30,195.93380361131187,189.34054548578467,200.97290986012928,195.93380361131187,195.93380361131187,-0.9233588977198017,-0.9233588977198017,-0.9233588977198017,-0.9233588977198017,-0.9233588977198017,-0.9233588977198017,0.0,0.0,0.0,195.01044471359208
172,2024-05-31,196.60141293775433,190.42395609679548,201.975494136489,196.60141293775433,196.60141293775433,-0.5093569928238997,-0.5093569928238997,-0.5093569928238997,-0.5093569928238997,-0.5093569928238997,-0.5093569928238997,0.0,0.0,0.0,196.09205594493042
173,2024-06-03,198.6042409170818,191.73398372241383,203.48918223613998,198.6042409170818,198.6042409170818,-0.816478481769927,-0.816478481769927,-0.816478481769927,-0.816478481769927,-0.816478481769927,-0.816478481769927,0.0,0.0,0.0,197.78776243531186
174,2024-06-04,199.27185024352426,192.279638376524,204.4166232926486,199.27185024352426,199.27185024352426,-0.9413880343387531,-0.9413880343387531,-0.9413880343387531,-0.9413880343387531,-0.9413880343387531,-0.9413880343387531,0.0,0.0,0.0,198.3304622091855
175,2024-06-05,199.93945956996677,193.10761045652137,204.76266803000408,199.93945956996677,199.93945956996677,-0.9670618611336197,-0.9670618611336197,-0.9670618611336197,-0.9670618611336197,-0.9670618611336197,-0.9670618611336197,0.0,0.0,0.0,198.97239770883314
176,2024-06-06,200.60706888956216,194.4800615528672,205.618936276787,200.60706888956216,200.60706888956216,-0.9233588977204344,-0.9233588977204344,-0.9233588977204344,-0.9233588977204344,-0.9233588977204344,-0.9233588977204344,0.0,0.0,0.0,199.6837099918417
177,2024-06-07,201.2746782091576,195.22076993537289,207.26688962617249,201.2746782091576,201.2746782091576,-0.509356992830581,-0.509356992830581,-0.509356992830581,-0.509356992830581,-0.509356992830581,-0.509356992830581,0.0,0.0,0.0,200.765321216327
178,2024-06-10,203.27750616794378,196.3499160690483,208.36179063768583,203.27750616794378,203.27750616794378,-0.8164784817717731,-0.8164784817717731,-0.8164784817717731,-0.8164784817717731,-0.8164784817717731,-0.8164784817717731,0.0,0.0,0.0,202.461027686172
179,2024-06-11,203.9451154875392,196.8122949248903,209.0679673441126,203.9451154875392,203.9451154875392,-0.9413880343387273,-0.9413880343387273,-0.9413880343387273,-0.9413880343387273,-0.9413880343387273,-0.9413880343387273,0.0,0.0,0.0,203.00372745320047
180,2024-06-12,204.6127248071346,197.64453050011173,209.6881296717454,204.6127248071346,204.6127248071346,-0.9670618611335796,-0.9670618611335796,-0.9670618611335796,-0.9670618611335796,-0.9670618611335796,-0.9670618611335796,0.0,0.0,0.0,203.64566294600104
181,2024-06-13,205.28033412673,198.95610657171665,210.1425162914741,205.28033412673,205.28033412673,-0.923358897721067,-0.923358897721067,-0.923358897721067,-0.923358897721067,-0.923358897721067,-0.923358897721067,0.0,0.0,0.0,204.35697522900892
182,2024-06-14,205.9479434463254,199.24843521389582,211.4199697641337,205.9479434463254,205.9479434463254,-0.5093569928305348,-0.5093569928305348,-0.5093569928305348,-0.5093569928305348,-0.5093569928305348,-0.5093569928305348,0.0,0.0,0.0,205.43858645349488
183,2024-06-17,207.95077140511154,201.1658441302459,213.02641225479374,207.95077140511154,207.95077140511154,-0.8164784817736195,-0.8164784817736195,-0.8164784817736195,-0.8164784817736195,-0.8164784817736195,-0.8164784817736195,0.0,0.0,0.0,207.1342929233379
184,2024-06-18,208.61838070864903,201.64047507141944,213.35250176925385,208.61838070864903,208.61838070864903,-0.9413880343404768,-0.9413880343404768,-0.9413880343404768,-0.9413880343404768,-0.9413880343404768,-0.9413880343404768,0.0,0.0,0.0,207.67699267430856
185,2024-06-20,209.95359931572395,203.3366471083364,214.88679849364405,209.95359931572395,209.95359931572395,-0.9233588977203278,-0.9233588977203278,-0.9233588977203278,-0.9233588977203278,-0.9233588977203278,-0.9233588977203278,0.0,0.0,0.0,209.03024041800361
186,2024-06-21,210.6212086192614,204.25364951231361,216.27239609547544,210.6212086192614,210.6212086192614,-0.5093569928284991,-0.5093569928284991,-0.5093569928284991,-0.5093569928284991,-0.5093569928284991,-0.5093569928284991,0.0,0.0,0.0,210.11185162643292
187,2024-06-24,212.62403652987382,206.07062329195196,218.13895745949742,212.62403652987382,212.62403652987382,-0.8164784817754656,-0.8164784817754656,-0.8164784817754656,-0.8164784817754656,-0.8164784817754656,-0.8164784817754656,0.0,0.0,0.0,211.80755804809834
188,2024-06-25,213.29164583341128,206.33252389596126,218.57520023331452,213.29164583341128,213.29164583341128,-0.9413880343404513,-0.9413880343404513,-0.9413880343404513,-0.9413880343404513,-0.9413880343404513,-0.9413880343404513,0.0,0.0,0.0,212.35025779907082
189,2024-06-26,213.9592551369487,207.3943138582164,219.17640584839808,213.9592551369487,213.9592551369487,-0.9670618611338115,-0.9670618611338115,-0.9670618611338115,-0.9670618611338115,-0.9670618611338115,-0.9670618611338115,0.0,0.0,0.0,212.9921932758149
190,2024-06-27,214.6268644404862,208.63322245676216,219.59679025375883,214.6268644404862,214.6268644404862,-0.9233588977223323,-0.9233588977223323,-0.9233588977223323,-0.9233588977223323,-0.9233588977223323,-0.9233588977223323,0.0,0.0,0.0,213.70350554276388
191,2024-06-28,215.29447374402363,208.73841634454493,220.9355071663667,215.29447374402363,215.29447374402363,-0.5093569928264636,-0.5093569928264636,-0.5093569928264636,-0.5093569928264636,-0.5093569928264636,-0.5093569928264636,0.0,0.0,0.0,214.78511675119717
192,2024-07-01,217.2277124610416,210.67855395160078,222.2696064345493,217.2277124610416,217.2277124610416,-0.8164784817759244,-0.8164784817759244,-0.8164784817759244,-0.8164784817759244,-0.8164784817759244,-0.8164784817759244,0.0,0.0,0.0,216.41123397926566
193,2024-07-02,217.87212536671422,211.52071708198127,222.5996322017203,217.87212536671422,217.87212536671422,-0.9413880343399232,-0.9413880343399232,-0.9413880343399232,-0.9413880343399232,-0.9413880343399232,-0.9413880343399232,0.0,0.0,0.0,216.9307373323743
194,2024-07-03,218.51653827238684,212.00886585951903,223.80371005909907,218.51653827238684,218.51653827238684,-0.967061861134169,-0.967061861134169,-0.967061861134169,-0.967061861134169,-0.967061861134169,-0.967061861134169,0.0,0.0,0.0,217.54947641125267
195,2024-07-05,219.80536408373212,213.51688247666468,225.22736283188092,219.80536408373212,219.80536408373212,-0.5093569928244279,-0.5093569928244279,-0.5093569928244279,-0.5093569928244279,-0.5093569928244279,-0.5093569928244279,0.0,0.0,0.0,219.2960070909077
196,2024-07-08,221.73860280075004,214.97915346078483,226.73302465636948,221.73860280075004,221.73860280075004,-0.8164784817791582,-0.8164784817791582,-0.8164784817791582,-0.8164784817791582,-0.8164784817791582,-0.8164784817791582,0.0,0.0,0.0,220.92212431897087
197,2024-07-09,222.38301570642267,216.0086058550771,227.6105948573858,222.38301570642267,222.38301570642267,-0.941388034341171,-0.941388034341171,-0.941388034341171,-0.941388034341171,-0.941388034341171,-0.941388034341171,0.0,0.0,0.0,221.4416276720815
198,2024-07-10,223.02742861209532,216.4187013471888,228.1546424862812,223.02742861209532,223.02742861209532,-0.9670618611335605,-0.9670618611335605,-0.9670618611335605,-0.9670618611335605,-0.9670618611335605,-0.9670618611335605,0.0,0.0,0.0,222.06036675096175
199,2024-07-11,223.67184151776797,217.10062768922523,228.81504815256645,223.67184151776797,223.67184151776797,-0.9233588977204616,-0.9233588977204616,-0.9233588977204616,-0.9233588977204616,-0.9233588977204616,-0.9233588977204616,0.0,0.0,0.0,222.74848262004753
200,2024-07-12,223.6732821758042,217.31047083904642,229.01388374349327,223.6732821758042,223.6732821758042,-0.5093569928243817,-0.5093569928243817,-0.5093569928243817,-0.5093569928243817,-0.5093569928243817,-0.5093569928243817,0.0,0.0,0.0,223.1639251829798
201,2024-07-15,223.67760414991292,216.90217839484933,228.91911030800307,223.67760414991292,223.67760414991292,-0.8164784817711884,-0.8164784817711884,-0.8164784817711884,-0.8164784817711884,-0.8164784817711884,-0.8164784817711884,0.0,0.0,0.0,222.86112566814174
202,2024-07-16,223.67904480794917,216.65937313893255,228.25862825599452,223.67904480794917,223.67904480794917,-0.9413880343406432,-0.9413880343406432,-0.9413880343406432,-0.9413880343406432,-0.9413880343406432,-0.9413880343406432,0.0,0.0,0.0,222.73765677360853
203,2024-07-17,223.6804854659854,216.92988178354014,228.41977602436384,223.6804854659854,223.6804854659854,-0.9670618611339181,-0.9670618611339181,-0.9670618611339181,-0.9670618611339181,-0.9670618611339181,-0.9670618611339181,0.0,0.0,0.0,222.7134236048515
204,2024-07-18,223.68192612402166,216.8990790722266,228.80978908323374,223.68192612402166,223.68192612402166,-0.9233588977197219,-0.9233588977197219,-0.9233588977197219,-0.9233588977197219,-0.9233588977197219,-0.9233588977197219,0.0,0.0,0.0,222.75856722630195
205,2024-07-19,223.6833667820579,216.9986899498633,228.9930656951022,223.6833667820579,223.6833667820579,-0.5093569928203565,-0.5093569928203565,-0.5093569928203565,-0.5093569928203565,-0.5093569928203565,-0.5093569928203565,0.0,0.0,0.0,223.17400978923754
206,2024-07-22,223.6876887561666,216.98507468816388,228.8090662468618,223.6876887561666,223.6876887561666,-0.8164784817730344,-0.8164784817730344,-0.8164784817730344,-0.8164784817730344,-0.8164784817730344,-0.8164784817730344,0.0,0.0,0.0,222.87121027439358
207,2024-07-23,223.68912941420285,216.79471714145336,228.8316875656319,223.68912941420285,223.68912941420285,-0.9413880343406175,-0.9413880343406175,-0.9413880343406175,-0.9413880343406175,-0.9413880343406175,-0.9413880343406175,0.0,0.0,0.0,222.74774137986225
208,2024-07-24,223.69057007223913,217.0232345572184,228.32857267348166,223.69057007223913,223.69057007223913,-0.9670618611337928,-0.9670618611337928,-0.9670618611337928,-0.9670618611337928,-0.9670618611337928,-0.9670618611337928,0.0,0.0,0.0,222.72350821110533
209,2024-07-25,223.69201073027534,217.00259174677157,228.81357789502735,223.69201073027534,223.69201073027534,-0.9233588977189826,-0.9233588977189826,-0.9233588977189826,-0.9233588977189826,-0.9233588977189826,-0.9233588977189826,0.0,0.0,0.0,222.76865183255637
210,2024-07-26,223.6934513883116,217.46018415385683,229.5933507666228,223.6934513883116,223.6934513883116,-0.5093569928290274,-0.5093569928290274,-0.5093569928290274,-0.5093569928290274,-0.5093569928290274,-0.5093569928290274,0.0,0.0,0.0,223.18409439548256
211,2024-07-29,223.69777336242032,216.89894651674456,228.7733968006082,223.69777336242032,223.69777336242032,-0.8164784817734936,-0.8164784817734936,-0.8164784817734936,-0.8164784817734936,-0.8164784817734936,-0.8164784817734936,0.0,0.0,0.0,222.88129488064683
212,2024-07-30,223.69921402045654,216.86024668668261,228.96969904077687,223.69921402045654,223.69921402045654,-0.9413880343400896,-0.9413880343400896,-0.9413880343400896,-0.9413880343400896,-0.9413880343400896,-0.9413880343400896,0.0,0.0,0.0,222.75782598611644
213,2024-07-31,223.70065467849278,216.47896025946116,228.72403943506302,223.70065467849278,223.70065467849278,-0.9670618611337527,-0.9670618611337527,-0.9670618611337527,-0.9670618611337527,-0.9670618611337527,-0.9670618611337527,0.0,0.0,0.0,222.73359281735904
214,2024-08-01,223.70209533652906,216.81987690167608,228.94905856420715,223.70209533652906,223.70209533652906,-0.9233588977209873,-0.9233588977209873,-0.9233588977209873,-0.9233588977209873,-0.9233588977209873,-0.9233588977209873,0.0,0.0,0.0,222.77873643880807
215,2024-08-02,223.70353599456527,217.3385725873052,229.0431932433746,223.70353599456527,223.70353599456527,-0.509356992825002,-0.509356992825002,-0.509356992825002,-0.509356992825002,-0.509356992825002,-0.509356992825002,0.0,0.0,0.0,223.19417900174028
216,2024-08-05,223.707857968674,217.4662386608546,228.73758553713714,223.707857968674,223.707857968674,-0.8164784817739524,-0.8164784817739524,-0.8164784817739524,-0.8164784817739524,-0.8164784817739524,-0.8164784817739524,0.0,0.0,0.0,222.89137948690006
217,2024-08-06,223.70929862671025,216.76428750010172,228.20458222084437,223.70929862671025,223.70929862671025,-0.9413880343400639,-0.9413880343400639,-0.9413880343400639,-0.9413880343400639,-0.9413880343400639,-0.9413880343400639,0.0,0.0,0.0,222.76791059237019
218,2024-08-07,223.71073928474647,216.89944484301867,228.65426849995285,223.71073928474647,223.71073928474647,-0.9670618611336272,-0.9670618611336272,-0.9670618611336272,-0.9670618611336272,-0.9670618611336272,-0.9670618611336272,0.0,0.0,0.0,222.74367742361284
219,2024-08-08,223.71217994278274,217.39779818333244,228.43048248935636,223.71217994278274,223.71217994278274,-0.9233588977202478,-0.9233588977202478,-0.9233588977202478,-0.9233588977202478,-0.9233588977202478,-0.9233588977202478,0.0,0.0,0.0,222.7888210450625
220,2024-08-09,223.71362060081898,217.15020421169814,228.76600507695517,223.71362060081898,223.71362060081898,-0.509356992824956,-0.509356992824956,-0.509356992824956,-0.509356992824956,-0.509356992824956,-0.509356992824956,0.0,0.0,0.0,223.20426360799402
221,2024-08-12,223.7179425749277,216.78065541737254,228.50541591251115,223.7179425749277,223.7179425749277,-0.8164784817701446,-0.8164784817701446,-0.8164784817701446,-0.8164784817701446,-0.8164784817701446,-0.8164784817701446,0.0,0.0,0.0,222.90146409315756
222,2024-08-13,223.71938323296393,216.50514697495032,228.05809273770097,223.71938323296393,223.71938323296393,-0.9413880343390341,-0.9413880343390341,-0.9413880343390341,-0.9413880343390341,-0.9413880343390341,-0.9413880343390341,0.0,0.0,0.0,222.7779951986249
223,2024-08-14,223.72082389100018,216.83380842629796,228.3588554562804,223.72082389100018,223.72082389100018,-0.9670618611339848,-0.9670618611339848,-0.9670618611339848,-0.9670618611339848,-0.9670618611339848,-0.9670618611339848,0.0,0.0,0.0,222.75376202986618
224,2024-08-15,223.72226454903642,216.92118838804814,228.5318768609712,223.72226454903642,223.72226454903642,-0.9233588977208805,-0.9233588977208805,-0.9233588977208805,-0.9233588977208805,-0.9233588977208805,-0.9233588977208805,0.0,0.0,0.0,222.79890565131555
225,2024-08-16,223.72370520707267,217.52427728463218,229.39981881163965,223.72370520707267,223.72370520707267,-0.5093569928316373,-0.5093569928316373,-0.5093569928316373,-0.5093569928316373,-0.5093569928316373,-0.5093569928316373,0.0,0.0,0.0,223.21434821424103
226,2024-08-19,223.7280271811814,216.62542953029794,228.43670773882832,223.7280271811814,223.7280271811814,-0.8164784817719906,-0.8164784817719906,-0.8164784817719906,-0.8164784817719906,-0.8164784817719906,-0.8164784817719906,0.0,0.0,0.0,222.91154869940942
227,2024-08-20,223.72946783921762,217.3891114890884,228.6502823842195,223.72946783921762,223.72946783921762,-0.9413880343390084,-0.9413880343390084,-0.9413880343390084,-0.9413880343390084,-0.9413880343390084,-0.9413880343390084,0.0,0.0,0.0,222.7880798048786
228,2024-08-21,223.73090849725386,216.91745690866375,228.78154913862502,223.73090849725386,223.73090849725386,-0.9670618611338592,-0.9670618611338592,-0.9670618611338592,-0.9670618611338592,-0.9670618611338592,-0.9670618611338592,0.0,0.0,0.0,222.76384663612
229,2024-08-22,223.7323491552901,216.4233554007239,229.33574656288312,223.7323491552901,223.7323491552901,-0.9233588977197492,-0.9233588977197492,-0.9233588977197492,-0.9233588977197492,-0.9233588977197492,-0.9233588977197492,0.0,0.0,0.0,222.80899025757037
230,2024-08-23,223.73378981332635,217.26344685721622,228.80543222739118,223.73378981332635,223.73378981332635,-0.5093569928296018,-0.5093569928296018,-0.5093569928296018,-0.5093569928296018,-0.5093569928296018,-0.5093569928296018,0.0,0.0,0.0,223.22443282049676
231,2024-08-26,223.73811178743506,216.94108303967457,228.44305689958472,223.73811178743506,223.73811178743506,-0.8164784817724496,-0.8164784817724496,-0.8164784817724496,-0.8164784817724496,-0.8164784817724496,-0.8164784817724496,0.0,0.0,0.0,222.9216333056626
232,2024-08-27,223.73955244547133,217.1072848018134,228.75723039679312,223.73955244547133,223.73955244547133,-0.9413880343407578,-0.9413880343407578,-0.9413880343407578,-0.9413880343407578,-0.9413880343407578,-0.9413880343407578,0.0,0.0,0.0,222.79816441113059
233,2024-08-28,223.74099310350755,216.60227156585765,229.07526797092277,223.74099310350755,223.74099310350755,-0.9670618611342168,-0.9670618611342168,-0.9670618611342168,-0.9670618611342168,-0.9670618611342168,-0.9670618611342168,0.0,0.0,0.0,222.77393124237332
234,2024-08-29,223.7424337615438,217.01929265494203,229.08011097775105,223.7424337615438,223.7424337615438,-0.9233588977203819,-0.9233588977203819,-0.9233588977203819,-0.9233588977203819,-0.9233588977203819,-0.9233588977203819,0.0,0.0,0.0,222.8190748638234
235,2024-08-30,223.74387441958007,217.5635202798755,229.45794269158415,223.74387441958007,223.74387441958007,-0.5093569928275662,-0.5093569928275662,-0.5093569928275662,-0.5093569928275662,-0.5093569928275662,-0.5093569928275662,0.0,0.0,0.0,223.2345174267525
236,2024-09-03,223.74963705172502,217.1009333942815,228.88136416038046,223.74963705172502,223.74963705172502,-0.9413880343402303,-0.9413880343402303,-0.9413880343402303,-0.9413880343402303,-0.9413880343402303,-0.9413880343402303,0.0,0.0,0.0,222.80824901738478
237,2024-09-04,223.75107770976126,216.99311112334738,228.45564656607888,223.75107770976126,223.75107770976126,-0.9670618611336083,-0.9670618611336083,-0.9670618611336083,-0.9670618611336083,-0.9670618611336083,-0.9670618611336083,0.0,0.0,0.0,222.78401584862766
238,2024-09-05,223.75251836779748,216.35888313558462,228.3686670774105,223.75251836779748,223.75251836779748,-0.9233588977210144,-0.9233588977210144,-0.9233588977210144,-0.9233588977210144,-0.9233588977210144,-0.9233588977210144,0.0,0.0,0.0,222.82915947007646
239,2024-09-06,223.75395902583372,217.80202273814479,229.31558804892904,223.75395902583372,223.75395902583372,-0.50935699282752,-0.50935699282752,-0.50935699282752,-0.50935699282752,-0.50935699282752,-0.50935699282752,0.0,0.0,0.0,223.2446020330062
240,2024-09-09,223.75828099994246,216.92880210069106,228.971078677795,223.75828099994246,223.75828099994246,-0.8164784817747548,-0.8164784817747548,-0.8164784817747548,-0.8164784817747548,-0.8164784817747548,-0.8164784817747548,0.0,0.0,0.0,222.9418025181677
241,2024-09-10,223.7597216579787,216.78864247087856,228.53846639163157,223.7597216579787,223.7597216579787,-0.9413880343397023,-0.9413880343397023,-0.9413880343397023,-0.9413880343397023,-0.9413880343397023,-0.9413880343397023,0.0,0.0,0.0,222.818333623639
242,2024-09-11,223.76116231601495,217.18384016336572,229.07706008238523,223.76116231601495,223.76116231601495,-0.9670618611339657,-0.9670618611339657,-0.9670618611339657,-0.9670618611339657,-0.9670618611339657,-0.9670618611339657,0.0,0.0,0.0,222.79410045488098
243,2024-09-12,223.7626029740512,217.055906031934,228.83284990333968,223.7626029740512,223.7626029740512,-0.9233588977198831,-0.9233588977198831,-0.9233588977198831,-0.9233588977198831,-0.9233588977198831,-0.9233588977198831,0.0,0.0,0.0,222.8392440763313
244,2024-09-13,223.7640436320874,218.0588164344732,228.64897017133262,223.7640436320874,223.7640436320874,-0.5093569928274737,-0.5093569928274737,-0.5093569928274737,-0.5093569928274737,-0.5093569928274737,-0.5093569928274737,0.0,0.0,0.0,223.25468663925994
245,2024-09-16,223.76836560619614,216.9786448363857,228.8746237256098,223.76836560619614,223.76836560619614,-0.8164784817766009,-0.8164784817766009,-0.8164784817766009,-0.8164784817766009,-0.8164784817766009,-0.8164784817766009,0.0,0.0,0.0,222.95188712441953
246,2024-09-17,223.7698062642324,216.88714135126443,228.95322355766436,223.7698062642324,223.7698062642324,-0.9413880343396765,-0.9413880343396765,-0.9413880343396765,-0.9413880343396765,-0.9413880343396765,-0.9413880343396765,0.0,0.0,0.0,222.82841822989272
247,2024-09-18,223.77124692226863,217.36632067478592,229.02316657737143,223.77124692226863,223.77124692226863,-0.9670618611339259,-0.9670618611339259,-0.9670618611339259,-0.9670618611339259,-0.9670618611339259,-0.9670618611339259,0.0,0.0,0.0,222.80418506113472
248,2024-09-19,223.77268758030488,217.1538115436592,228.9388443541127,223.77268758030488,223.77268758030488,-0.9233588977191436,-0.9233588977191436,-0.9233588977191436,-0.9233588977191436,-0.9233588977191436,-0.9233588977191436,0.0,0.0,0.0,222.84932868258574
249,2024-09-20,223.77412823834112,217.33482971746795,229.42876449072585,223.77412823834112,223.77412823834112,-0.509356992825438,-0.509356992825438,-0.509356992825438,-0.509356992825438,-0.509356992825438,-0.509356992825438,0.0,0.0,0.0,223.26477124551567
250,2024-09-23,223.77845021244985,216.9853588849118,228.73826550142473,223.77845021244985,223.77845021244985,-0.8164784817700187,-0.8164784817700187,-0.8164784817700187,-0.8164784817700187,-0.8164784817700187,-0.8164784817700187,0.0,0.0,0.0,222.96197173067983
251,2024-09-24,223.77989087048607,216.81762688244055,228.98391943499578,223.77989087048607,223.77989087048607,-0.9413880343396507,-0.9413880343396507,-0.9413880343396507,-0.9413880343396507,-0.9413880343396507,-0.9413880343396507,0.0,0.0,0.0,222.83850283614643
252,2024-09-25,223.78133152852234,216.81110359217834,228.50691564427555,223.78133152852234,223.78133152852234,-0.9670618611338005,-0.9670618611338005,-0.9670618611338005,-0.9670618611338005,-0.9670618611338005,-0.9670618611338005,0.0,0.0,0.0,222.81426966738854
253,2024-09-26,223.78277218655856,217.3385580461268,229.15175649186315,223.78277218655856,223.78277218655856,-0.9233588977211482,-0.9233588977211482,-0.9233588977211482,-0.9233588977211482,-0.9233588977211482,-0.9233588977211482,0.0,0.0,0.0,222.8594132888374
254,2024-09-27,223.7842128445948,217.66392898936863,229.23129944670194,223.75869050737288,223.80175547317876,-0.5093569928234023,-0.5093569928234023,-0.5093569928234023,-0.5093569928234023,-0.5093569928234023,-0.5093569928234023,0.0,0.0,0.0,223.2748558517714
255,2024-09-28,223.78565350263105,220.02623167795042,231.6612685613557,223.70962605529718,223.8389961193631,2.078823025123904,2.078823025123904,2.078823025123904,2.078823025123904,2.078823025123904,2.078823025123904,0.0,0.0,0.0,225.86447652775496
256,2024-09-29,223.7870941606673,219.73862981836393,231.66543940731867,223.66062168247967,223.8889864066003,2.078821242674779,2.078821242674779,2.078821242674779,2.078821242674779,2.078821242674779,2.078821242674779,0.0,0.0,0.0,225.8659154033421
257,2024-09-30,223.78853481870354,217.04268022611646,228.89231791053274,223.60458513436515,223.96449663039942,-0.8164784817704775,-0.8164784817704775,-0.8164784817704775,-0.8164784817704775,-0.8164784817704775,-0.8164784817704775,0.0,0.0,0.0,222.97205633693306
258,2024-10-01,223.78997547673978,216.88659394220713,228.48791083359103,223.54661340878332,224.02385903159606,-0.9413880343391228,-0.9413880343391228,-0.9413880343391228,-0.9413880343391228,-0.9413880343391228,-0.9413880343391228,0.0,0.0,0.0,222.84858744240066
259,2024-10-02,223.791416134776,217.29638992909216,229.00642747474356,223.46338755868325,224.09862105161358,-0.9670618611336751,-0.9670618611336751,-0.9670618611336751,-0.9670618611336751,-0.9670618611336751,-0.9670618611336751,0.0,0.0,0.0,222.8243542736423
260,2024-10-03,223.79285679281227,217.08663016894897,228.49914788195923,223.407144971794,224.20275683612473,-0.9233588977204089,-0.9233588977204089,-0.9233588977204089,-0.9233588977204089,-0.9233588977204089,-0.9233588977204089,0.0,0.0,0.0,222.86949789509185
261,2024-10-04,223.7942974508485,217.0091105345493,229.55938212235432,223.31588007497152,224.29378802503768,-0.5093569928300835,-0.5093569928300835,-0.5093569928300835,-0.5093569928300835,-0.5093569928300835,-0.5093569928300835,0.0,0.0,0.0,223.2849404580184
262,2024-10-05,223.79573810888473,219.69474844643457,232.1797500305602,223.24172892867338,224.39510082938617,2.0788230251269444,2.0788230251269444,2.0788230251269444,2.0788230251269444,2.0788230251269444,2.0788230251269444,0.0,0.0,0.0,225.87456113401169
263,2024-10-06,223.797178766921,220.27975415637846,232.09102808539637,223.1857494145921,224.49832380729754,2.0788212426717436,2.0788212426717436,2.0788212426717436,2.0788212426717436,2.0788212426717436,2.0788212426717436,0.0,0.0,0.0,225.87600000959276
264,2024-10-07,223.79861942495722,217.1270911204381,228.66433852261804,223.09071262264666,224.62337592860283,-0.8164784817737111,-0.8164784817737111,-0.8164784817737111,-0.8164784817737111,-0.8164784817737111,-0.8164784817737111,0.0,0.0,0.0,222.9821409431835
265,2024-10-08,223.80006008299347,217.02905185797454,229.26230905060643,222.95508231300443,224.72642656150637,-0.9413880343385951,-0.9413880343385951,-0.9413880343385951,-0.9413880343385951,-0.9413880343385951,-0.9413880343385951,0.0,0.0,0.0,222.85867204865488
266,2024-10-09,223.80150074102968,216.63415464830192,228.43703238485432,222.86788459054256,224.8302147056265,-0.967061861133635,-0.967061861133635,-0.967061861133635,-0.967061861133635,-0.967061861133635,-0.967061861133635,0.0,0.0,0.0,222.83443887989606
267,2024-10-10,223.80294139906596,216.70798053957668,229.20388185055927,222.73825705551832,224.9663784751583,-0.9233588977210414,-0.9233588977210414,-0.9233588977210414,-0.9233588977210414,-0.9233588977210414,-0.9233588977210414,0.0,0.0,0.0,222.8795825013449
268,2024-10-11,223.8043820571022,216.8787767610768,229.64631368446723,222.59780584761427,225.1159195819877,-0.5093569928300373,-0.5093569928300373,-0.5093569928300373,-0.5093569928300373,-0.5093569928300373,-0.5093569928300373,0.0,0.0,0.0,223.29502506427215
269,2024-10-12,223.80582271513842,219.68851959137817,232.17485262804257,222.48088347324793,225.30239643209714,2.0788230251182283,2.0788230251182283,2.0788230251182283,2.0788230251182283,2.0788230251182283,2.0788230251182283,0.0,0.0,0.0,225.88464574025664
270,2024-10-13,223.80726337317466,219.78364028321204,232.66307383274935,222.37365846947517,225.40090487661797,2.0788212426707062,2.0788212426707062,2.0788212426707062,2.0788212426707062,2.0788212426707062,2.0788212426707062,0.0,0.0,0.0,225.88608461584536
271,2024-10-14,223.80870403121094,216.51743283239483,229.0495414597475,222.28604692786817,225.51966329170386,-0.8164784817741698,-0.8164784817741698,-0.8164784817741698,-0.8164784817741698,-0.8164784817741698,-0.8164784817741698,0.0,0.0,0.0,222.99222554943677
272,2024-10-15,223.81014468924715,217.0128045056195,229.505440842303,222.1602661674701,225.62160931995177,-0.9413880343403446,-0.9413880343403446,-0.9413880343403446,-0.9413880343403446,-0.9413880343403446,-0.9413880343403446,0.0,0.0,0.0,222.8687566549068
273,2024-10-16,223.8115853472834,215.9695528391181,229.409626675537,222.06975444129716,225.80485697366967,-0.9670618611335094,-0.9670618611335094,-0.9670618611335094,-0.9670618611335094,-0.9670618611335094,-0.9670618611335094,0.0,0.0,0.0,222.84452348614988
274,2024-10-17,223.8130260053196,216.9030485835828,229.2476828768938,221.9189179438357,225.9499744168458,-0.9233588977203021,-0.9233588977203021,-0.9233588977203021,-0.9233588977203021,-0.9233588977203021,-0.9233588977203021,0.0,0.0,0.0,222.8896671075993
275,2024-10-18,223.8144666633559,216.88385863553395,229.88042768294483,221.77095842435835,226.06617148089947,-0.5093569928260123,-0.5093569928260123,-0.5093569928260123,-0.5093569928260123,-0.5093569928260123,-0.5093569928260123,0.0,0.0,0.0,223.30510967052987
276,2024-10-19,223.81590732139213,219.30565039672646,232.307113850705,221.5875490498522,226.33737888523333,2.0788230251168422,2.0788230251168422,2.0788230251168422,2.0788230251168422,2.0788230251168422,2.0788230251168422,0.0,0.0,0.0,225.89473034650896
277,2024-10-20,223.81734797942835,219.21289252126897,232.4876128542164,221.40997042872115,226.54323194915293,2.0788212426778863,2.0788212426778863,2.0788212426778863,2.0788212426778863,2.0788212426778863,2.0788212426778863,0.0,0.0,0.0,225.89616922210624
278,2024-10-21,223.81878863746462,216.30565774469963,230.18931952395292,221.25339411738983,226.74448601934245,-0.8164784817760165,-0.8164784817760165,-0.8164784817760165,-0.8164784817760165,-0.8164784817760165,-0.8164784817760165,0.0,0.0,0.0,223.0023101556886
279,2024-10-22,223.82022929550084,216.362771400678,229.98046007494304,221.12489884534568,226.82851467234985,-0.9413880343398169,-0.9413880343398169,-0.9413880343398169,-0.9413880343398169,-0.9413880343398169,-0.9413880343398169,0.0,0.0,0.0,222.87884126116103
280,2024-10-23,223.82166995353708,216.44057177734487,229.70229395116814,220.97774247511325,227.0404960760974,-0.9670618611338668,-0.9670618611338668,-0.9670618611338668,-0.9670618611338668,-0.9670618611338668,-0.9670618611338668,0.0,0.0,0.0,222.85460809240323
